{"cameraMode":{"drawMode":0,"name":"Shaded","section":"Shading Mode"},"sceneLighting":false,"audioPlay":false,"sceneViewState":{"m_AlwaysRefresh":false,"showFog":true,"showSkybox":false,"showFlares":true,"showImageEffects":true,"showParticleSystems":true,"showVisualEffectGraphs":true,"m_FxEnabled":true},"in2DMode":false,"pivot":{"x":0.0023550987243652345,"y":0.9159926176071167,"z":-0.006273150444030762},"rotation":{"x":0.004896838683634996,"y":0.02241656742990017,"z":-0.004802383482456207,"w":-1.0001986026763917},"size":3.037954807281494,"orthographic":false}