{"cameraMode":{"drawMode":0,"name":"Shaded","section":"Shading Mode"},"sceneLighting":false,"audioPlay":false,"sceneViewState":{"m_AlwaysRefresh":false,"showFog":true,"showSkybox":false,"showFlares":true,"showImageEffects":true,"showParticleSystems":true,"showVisualEffectGraphs":true,"m_FxEnabled":true},"in2DMode":false,"pivot":{"x":39.031063079833987,"y":0.3492393493652344,"z":58.798648834228519},"rotation":{"x":0.020323893055319787,"y":-0.7518560886383057,"z":0.024088749662041665,"w":0.6588882207870483},"size":0.790327250957489,"orthographic":false}