{"cameraMode":{"drawMode":0,"name":"Shaded","section":"Shading Mode"},"sceneLighting":false,"audioPlay":false,"sceneViewState":{"m_AlwaysRefresh":false,"showFog":true,"showSkybox":false,"showFlares":true,"showImageEffects":true,"showParticleSystems":true,"showVisualEffectGraphs":true,"m_FxEnabled":true},"in2DMode":false,"pivot":{"x":-0.013732343912124634,"y":0.18724289536476136,"z":0.021015368402004243},"rotation":{"x":-0.207391619682312,"y":-0.4778880774974823,"z":0.1168220192193985,"w":-0.8456884026527405},"size":0.3682878315448761,"orthographic":false}