{"cameraMode":{"drawMode":0,"name":"Shaded","section":"Shading Mode"},"sceneLighting":false,"audioPlay":false,"sceneViewState":{"m_AlwaysRefresh":false,"showFog":true,"showSkybox":false,"showFlares":true,"showImageEffects":true,"showParticleSystems":true,"showVisualEffectGraphs":true,"m_FxEnabled":true},"in2DMode":false,"pivot":{"x":-14.612567901611329,"y":-21.319856643676759,"z":43.515357971191409},"rotation":{"x":0.06121592968702316,"y":0.9339468479156494,"z":-0.19071538746356965,"w":0.2968715727329254},"size":11.363530158996582,"orthographic":false}